model,mae,rmse,r2
Random Forest Regressor,26.623372895622843,60.17697114569002,0.9909624870299324
Gradient Boosting Regressor,31.094344187154576,51.73732214944281,0.9933196967607957
Linear Regression,137.38693188594598,185.84129976388755,0.9138068500610171
