model,accuracy,f1,roc_auc
Random Forest,0.9924242424242424,0.8571428571428571,1.0
Gradient Boosting,0.9924242424242424,0.8571428571428571,1.0
Logistic Regression,0.9772727272727273,0.7272727272727273,1.0
