role;nb_lignes;charge_totale_minutes;charge_moyenne_minutes
Graphisme;227;103170.66666666667;454.49632892804703
Rédaction;157;155800.35;992.3589171974522
