model,mae,rmse,r2
Gradient Boosting Regressor,1.1004012681321775,2.4491272223679332,0.9915907384569691
Random Forest Regressor,1.1944986449864505,3.137646270573086,0.9861979648017501
Decision Tree Regressor,1.3596821877309693,4.525796670340328,0.9712839139506951
